Lat_Grid,Lon_Grid,Total_Trips,Percentage
40.76,-73.98,226692,5.08
40.76,-73.97,215585,4.831
40.74,-73.99,192517,4.314
40.75,-73.99,172188,3.858
40.72,-74,167633,3.756
40.75,-73.98,159776,3.58
40.730000000000004,-74,158561,3.553
40.730000000000004,-73.99,141765,3.177
40.74,-74,135782,3.043
40.76,-73.99,120829,2.708
40.72,-73.99,111604,2.501
40.72,-74.01,107974,2.42
40.71,-74.01,103603,2.322
40.74,-74.01,101066,2.265
40.77,-73.96000000000001,87041,1.95
40.74,-73.98,83703,1.876
40.77,-73.98,79427,1.78
40.730000000000004,-74.01,71880,1.611
40.730000000000004,-73.98,71146,1.594
40.75,-73.97,69997,1.569
40.75,-74,67751,1.518
40.78,-73.98,61512,1.378
40.77,-73.87,60765,1.362
40.78,-73.96000000000001,57602,1.291
40.78,-73.95,53920,1.208
40.76,-74,52041,1.166
40.72,-73.96000000000001,45862,1.028
40.77,-73.95,44951,1.007
40.77,-73.99,44093,0.988
40.76,-73.96000000000001,42754,0.958
40.77,-73.97,39057,0.875
40.72,-73.98,38938,0.873
40.65,-73.78,36784,0.824
40.75,-74.01,35617,0.798
40.64,-73.78,34852,0.781
40.79,-73.97,32609,0.731
40.71,-73.96000000000001,26599,0.596
40.7,-73.99,25466,0.571
40.7,-74.01,25275,0.566
40.69,-73.99,25184,0.564
40.79,-73.98,25032,0.561
40.77,-73.86,25000,0.56
40.71,-74.02,21038,0.471
40.72,-73.95,20821,0.467
40.71,-73.95,20167,0.452
40.71,-74,19618,0.44
40.68,-73.98,18063,0.405
40.69,-73.97,17622,0.395
40.65,-73.79,17318,0.388
40.69,-73.98,16375,0.367
40.74,-73.97,15764,0.353
40.800000000000004,-73.97,15664,0.351
40.64,-73.79,14869,0.333
40.78,-73.99,14582,0.327
40.67,-73.98,14374,0.322
40.71,-73.94,13837,0.31
40.68,-73.97,13601,0.305
40.69,-74,12915,0.289
40.68,-73.96000000000001,12408,0.278
40.69,-73.96000000000001,12370,0.277
40.78,-73.97,12046,0.27
40.79,-73.95,12029,0.27
40.7,-73.93,11404,0.256
40.71,-73.97,11310,0.253
40.730000000000004,-73.96000000000001,11255,0.252
40.68,-74,11207,0.251
40.68,-73.99,10567,0.237
40.77,-73.89,10149,0.227
40.730000000000004,-73.95,10014,0.224
40.72,-74.02,9889,0.222
40.71,-73.99,9760,0.219
40.72,-73.94,9486,0.213
40.81,-73.96000000000001,9252,0.207
40.67,-73.99,9187,0.206
40.75,-73.94,8848,0.198
40.67,-73.96000000000001,8703,0.195
40.800000000000004,-73.96000000000001,8318,0.186
40.7,-73.98,7962,0.178
40.81,-73.95,7878,0.177
40.69,-73.95,7620,0.171
40.75,-73.96000000000001,7323,0.164
40.68,-73.95,7299,0.164
40.800000000000004,-73.95,6534,0.146
40.76,-73.92,6409,0.144
40.67,-73.97,6258,0.14
40.660000000000004,-73.98,6254,0.14
40.81,-73.94,6212,0.139
40.74,-74.03,6097,0.137
40.77,-73.92,5730,0.128
40.7,-73.92,5693,0.128
40.69,-73.94,5424,0.122
40.74,-73.96000000000001,5421,0.121
40.75,-74.03,5397,0.121
40.660000000000004,-73.99,5387,0.121
40.7,-73.94,5348,0.12
40.75,-73.95,5346,0.12
40.67,-73.95,5290,0.119
40.82,-73.94,5001,0.112
40.800000000000004,-73.94,4947,0.111
40.71,-73.93,4779,0.107
40.74,-73.95,4772,0.107
40.71,-73.92,4681,0.105
40.79,-73.96000000000001,4676,0.105
40.84,-73.94,4670,0.105
40.68,-74.01,4612,0.103
40.68,-73.94,4512,0.101
40.7,-73.97,4436,0.099
40.69,-73.92,4294,0.096
40.82,-73.95,4067,0.091
40.71,-73.98,3897,0.087
40.69,-73.93,3819,0.086
40.76,-73.93,3776,0.085
40.7,-74,3746,0.084
40.730000000000004,-73.94,3718,0.083
40.85,-73.94,3700,0.083
40.660000000000004,-73.96000000000001,3639,0.082
40.83,-73.93,3628,0.081
40.79,-73.94,3618,0.081
40.72,-74.04,3531,0.079
40.83,-73.94,3461,0.078
40.78,-73.94,3382,0.076
40.77,-73.91,3354,0.075
40.74,-73.92,3258,0.073
40.65,-73.96000000000001,3234,0.072
40.76,-73.95,3219,0.072
40.74,-74.04,3141,0.07
40.7,-73.95,3062,0.069
40.69,-73.91,3040,0.068
40.68,-73.93,3014,0.068
40.67,-73.94,2930,0.066
40.77,-74,2898,0.065
40.67,-74.01,2844,0.064
40.800000000000004,-73.93,2759,0.062
40.77,-73.93,2677,0.06
40.660000000000004,-73.95,2660,0.06
40.76,-73.91,2646,0.059
40.75,-73.85000000000001,2597,0.058
40.730000000000004,-73.97,2502,0.056
40.7,-73.96000000000001,2499,0.056
40.83,-73.95,2494,0.056
40.68,-74.02,2394,0.054
40.7,-73.91,2375,0.053
40.75,-73.93,2360,0.053
40.64,-73.97,2297,0.051
40.82,-73.96000000000001,2243,0.05
40.74,-73.93,2229,0.05
40.77,-73.88,2200,0.049
40.85,-73.93,2119,0.047
40.78,-73.91,2086,0.047
40.730000000000004,-74.04,2057,0.046
40.65,-73.97,2056,0.046
40.76,-73.83,2027,0.045
40.660000000000004,-74,1931,0.043
40.81,-73.97,1915,0.043
40.72,-73.84,1891,0.042
40.75,-73.92,1866,0.042
40.62,-74.03,1823,0.041
40.74,-73.84,1788,0.04
40.83,-73.92,1776,0.04
40.75,-73.89,1767,0.04
40.64,-73.96000000000001,1717,0.038
40.65,-73.98,1684,0.038
40.67,-73.93,1671,0.037
40.89,-73.91,1662,0.037
40.72,-74.03,1646,0.037
40.67,-74,1637,0.037
40.68,-73.92,1636,0.037
40.86,-73.93,1619,0.036
40.75,-73.91,1617,0.036
40.72,-73.85000000000001,1598,0.036
40.72,-74.05,1593,0.036
40.72,-73.97,1581,0.035
40.660000000000004,-73.94,1551,0.035
40.71,-74.04,1542,0.035
40.660000000000004,-74.01,1530,0.034
40.89,-73.9,1494,0.033
40.76,-73.84,1486,0.033
40.74,-73.94,1472,0.033
40.78,-73.92,1472,0.033
40.730000000000004,-73.86,1465,0.033
40.77,-73.94,1428,0.032
40.7,-74.02,1405,0.031
40.77,-73.9,1348,0.03
40.730000000000004,-74.03,1343,0.03
40.730000000000004,-73.85000000000001,1314,0.029
40.63,-74.03,1292,0.029
40.67,-74.02,1288,0.029
40.68,-73.91,1260,0.028
40.71,-73.83,1228,0.028
40.6,-73.97,1206,0.027
40.75,-74.04,1200,0.027
40.79,-73.93,1173,0.026
40.65,-74.01,1156,0.026
40.87,-73.92,1154,0.026
40.63,-73.96000000000001,1142,0.026
40.86,-73.89,1131,0.025
40.79,-73.92,1122,0.025
40.65,-73.95,1118,0.025
40.87,-73.93,1118,0.025
40.730000000000004,-74.05,1106,0.025
40.63,-73.97,1059,0.024
40.63,-73.95,1057,0.024
40.62,-74.02,1023,0.023
40.75,-73.9,1007,0.023
40.75,-73.88,1003,0.022
40.65,-74,983,0.022
40.7,-73.9,969,0.022
40.7,-73.81,965,0.022
40.64,-73.98,950,0.021
40.63,-74.02,939,0.021
40.800000000000004,-73.98,937,0.021
40.74,-73.88,916,0.021
40.81,-73.93,905,0.02
40.71,-73.91,843,0.019
40.730000000000004,-73.87,831,0.019
40.75,-74.02,819,0.018
40.74,-73.9,818,0.018
40.64,-73.95,804,0.018
40.76,-73.94,804,0.018
40.67,-73.8,791,0.018
40.76,-74.03,772,0.017
40.88,-73.91,768,0.017
40.82,-73.93,762,0.017
40.61,-73.96000000000001,760,0.017
40.64,-74,750,0.017
40.64,-74.02,737,0.017
40.660000000000004,-73.93,732,0.016
40.74,-73.91,706,0.016
40.72,-73.8,699,0.016
40.84,-73.95,697,0.016
40.65,-74.02,693,0.016
40.9,-73.9,692,0.016
40.71,-73.9,669,0.015
40.74,-73.89,661,0.015
40.61,-73.97,655,0.015
40.76,-73.9,644,0.014
40.71,-73.82000000000001,639,0.014
40.67,-73.92,634,0.014
40.74,-73.86,629,0.014
40.660000000000004,-73.92,626,0.014
40.730000000000004,-74.06,623,0.014
40.72,-73.86,619,0.014
40.86,-73.88,618,0.014
40.74,-73.87,609,0.014
40.62,-73.97,599,0.013
40.88,-73.88,598,0.013
40.65,-73.94,593,0.013
40.74,-74.05,581,0.013
40.64,-74.03,574,0.013
40.85,-73.89,566,0.013
40.730000000000004,-73.9,553,0.012
40.76,-73.88,549,0.012
40.76,-74.02,544,0.012
40.74,-73.85000000000001,538,0.012
40.86,-73.94,536,0.012
40.62,-73.96000000000001,534,0.012
40.63,-74.01,530,0.012
40.63,-73.94,522,0.012
40.660000000000004,-73.8,519,0.012
40.75,-73.83,510,0.011
40.800000000000004,-73.92,508,0.011
40.88,-73.9,507,0.011
40.76,-73.89,503,0.011
40.78,-73.9,487,0.011
40.65,-73.91,481,0.011
40.7,-73.83,473,0.011
40.87,-73.91,468,0.01
40.6,-73.99,464,0.01
40.62,-74.04,464,0.01
40.76,-73.77,464,0.01
40.67,-73.81,462,0.01
40.75,-73.84,462,0.01
40.61,-73.95,458,0.01
40.78,-74.01,454,0.01
40.82,-73.92,449,0.01
40.77,-74.02,442,0.01
40.67,-73.79,439,0.01
40.85,-73.85000000000001,439,0.01
40.72,-73.81,437,0.01
40.64,-73.99,435,0.01
40.68,-73.9,434,0.01
40.660000000000004,-73.91,430,0.01
40.88,-73.92,429,0.01
40.71,-73.79,426,0.01
40.87,-73.88,424,0.01
40.71,-73.85000000000001,423,0.009
40.84,-73.92,421,0.009
40.67,-73.78,420,0.009
40.72,-73.9,417,0.009
40.61,-73.98,416,0.009
40.79,-74.04,413,0.009
40.72,-73.87,408,0.009
40.730000000000004,-73.81,403,0.009
40.62,-73.95,401,0.009
40.81,-73.92,401,0.009
40.71,-73.8,396,0.009
40.72,-73.88,395,0.009
40.78,-73.93,395,0.009
40.86,-73.92,391,0.009
40.67,-73.91,385,0.009
40.59,-73.95,380,0.009
40.65,-73.93,379,0.008
40.6,-73.96000000000001,378,0.008
40.730000000000004,-73.89,378,0.008
40.61,-74,377,0.008
40.64,-74.01,377,0.008
40.730000000000004,-74.07000000000001,371,0.008
40.72,-73.79,368,0.008
40.76,-73.85000000000001,368,0.008
40.61,-74.03,366,0.008
40.76,-73.86,359,0.008
40.87,-73.9,358,0.008
40.62,-74,355,0.008
40.62,-73.92,354,0.008
40.730000000000004,-73.88,353,0.008
40.74,-73.83,353,0.008
40.82,-73.91,353,0.008
40.7,-73.89,352,0.008
40.76,-73.82000000000001,351,0.008
40.86,-73.9,350,0.008
40.77,-74.03,348,0.008
40.72,-73.91,347,0.008
40.62,-74.01,346,0.008
40.84,-73.91,346,0.008
40.64,-73.92,345,0.008
40.71,-73.84,344,0.008
40.76,-73.87,344,0.008
40.86,-73.87,343,0.008
40.63,-73.92,341,0.008
40.87,-73.89,340,0.008
40.75,-73.87,337,0.008
40.64,-73.93,332,0.007
40.72,-74.06,332,0.007
40.85,-73.86,332,0.007
40.62,-73.94,331,0.007
40.72,-73.89,329,0.007
40.79,-73.84,329,0.007
40.63,-73.98,328,0.007
40.63,-73.93,328,0.007
40.82,-73.89,328,0.007
40.75,-73.86,326,0.007
40.730000000000004,-73.82000000000001,323,0.007
40.58,-73.96000000000001,321,0.007
40.7,-73.82000000000001,320,0.007
40.71,-73.78,320,0.007
40.64,-73.94,319,0.007
40.81,-74.07000000000001,319,0.007
40.72,-73.82000000000001,318,0.007
40.61,-74.01,317,0.007
40.62,-73.93,317,0.007
40.59,-73.96000000000001,314,0.007
40.59,-73.97,313,0.007
40.6,-73.95,312,0.007
40.71,-74.03,312,0.007
40.74,-74.06,309,0.007
40.910000000000004,-73.9,309,0.007
40.69,-73.9,308,0.007
40.6,-74,307,0.007
40.7,-73.8,307,0.007
40.58,-73.95,304,0.007
40.58,-73.94,301,0.007
40.65,-73.92,300,0.007
40.85,-73.84,300,0.007
40.7,-73.84,299,0.007
40.63,-74,298,0.007
40.71,-73.86,297,0.007
40.72,-73.83,295,0.007
40.75,-73.82000000000001,294,0.007
40.71,-74.06,293,0.007
40.71,-73.87,292,0.007
40.61,-73.92,289,0.006
40.67,-73.89,289,0.006
40.85,-73.91,289,0.006
40.84,-73.86,288,0.006
40.730000000000004,-73.91,287,0.006
40.660000000000004,-73.89,282,0.006
40.67,-73.88,282,0.006
40.64,-73.91,279,0.006
40.6,-73.94,276,0.006
40.68,-73.84,276,0.006
40.68,-73.87,273,0.006
40.69,-73.83,273,0.006
40.730000000000004,-73.79,273,0.006
40.72,-74.07000000000001,272,0.006
40.79,-73.73,272,0.006
40.88,-73.89,272,0.006
40.81,-74.08,262,0.006
40.86,-73.91,262,0.006
40.61,-74.02,261,0.006
40.68,-73.86,261,0.006
40.69,-73.86,261,0.006
40.65,-73.9,259,0.006
40.58,-73.97,257,0.006
40.660000000000004,-73.97,257,0.006
40.62,-73.99,256,0.006
40.71,-73.88,254,0.006
40.61,-73.94,250,0.006
40.85,-73.83,250,0.006
40.65,-73.88,248,0.006
40.74,-73.82000000000001,242,0.005
40.84,-73.88,241,0.005
40.660000000000004,-73.9,240,0.005
40.68,-73.8,240,0.005
40.69,-73.85000000000001,240,0.005
40.79,-74,240,0.005
40.85,-73.88,236,0.005
40.69,-73.82000000000001,235,0.005
40.78,-74.02,234,0.005
40.67,-73.87,233,0.005
40.61,-73.99,229,0.005
40.75,-74.05,228,0.005
40.67,-73.9,226,0.005
40.83,-73.9,226,0.005
40.6,-73.98,225,0.005
40.910000000000004,-73.78,225,0.005
40.9,-73.91,224,0.005
40.65,-73.8,223,0.005
40.74,-73.81,221,0.005
40.85,-73.97,221,0.005
40.84,-73.83,217,0.005
40.85,-73.9,216,0.005
40.76,-73.8,214,0.005
40.68,-73.85000000000001,213,0.005
40.59,-73.94,212,0.005
40.77,-73.83,211,0.005
40.84,-73.85000000000001,211,0.005
40.71,-73.81,210,0.005
40.74,-73.78,210,0.005
40.67,-73.83,208,0.005
40.7,-73.87,208,0.005
40.83,-73.91,208,0.005
40.76,-73.81,207,0.005
40.84,-73.84,201,0.005
40.86,-73.86,201,0.005
40.64,-73.9,200,0.004
40.86,-73.97,200,0.004
40.7,-73.88,198,0.004
40.78,-73.78,198,0.004
40.77,-73.82000000000001,195,0.004
40.82,-73.9,194,0.004
40.68,-73.89,193,0.004
40.72,-73.93,193,0.004
40.72,-73.78,193,0.004
40.59,-73.98,191,0.004
40.74,-74.07000000000001,191,0.004
40.63,-73.9,190,0.004
40.660000000000004,-73.84,190,0.004
40.84,-73.89,190,0.004
40.59,-73.99,189,0.004
40.83,-73.89,189,0.004
40.63,-73.99,185,0.004
40.800000000000004,-73.91,185,0.004
40.71,-73.72,184,0.004
40.85,-73.87,184,0.004
40.78,-73.84,183,0.004
40.83,-73.86,183,0.004
40.730000000000004,-73.83,182,0.004
40.78,-73.73,181,0.004
40.86,-73.85000000000001,181,0.004
40.67,-73.85000000000001,180,0.004
40.81,-73.91,179,0.004
40.89,-73.89,179,0.004
40.65,-73.84,178,0.004
40.67,-73.82000000000001,178,0.004
40.84,-73.87,178,0.004
40.660000000000004,-73.83,177,0.004
40.69,-73.81,176,0.004
40.64,-74.04,175,0.004
40.58,-73.98,174,0.004
40.72,-74.08,174,0.004
40.59,-73.9,172,0.004
40.63,-74.04,172,0.004
40.65,-73.89,172,0.004
40.75,-73.71000000000001,171,0.004
40.76,-73.79,171,0.004
40.84,-73.93,171,0.004
40.84,-73.9,171,0.004
40.62,-73.98,168,0.004
40.660000000000004,-73.88,168,0.004
40.71,-73.89,168,0.004
40.85,-73.92,168,0.004
40.9,-73.87,168,0.004
40.68,-73.88,164,0.004
40.730000000000004,-73.92,164,0.004
40.87,-73.86,164,0.004
40.63,-73.91,163,0.004
40.7,-73.86,163,0.004
40.77,-74.04,163,0.004
40.68,-73.82000000000001,162,0.004
40.7,-73.85000000000001,161,0.004
40.79,-74.01,161,0.004
40.62,-73.91,160,0.004
40.59,-73.93,159,0.004
40.61,-73.93,156,0.003
40.730000000000004,-73.8,156,0.003
40.77,-73.84,156,0.003
40.81,-73.99,156,0.003
40.63,-73.89,153,0.003
40.79,-73.8,153,0.003
40.82,-73.86,153,0.003
40.67,-73.86,152,0.003
40.6,-74.01,150,0.003
40.79,-74.05,150,0.003
40.83,-73.85000000000001,149,0.003
40.76,-74.04,148,0.003
40.68,-73.81,146,0.003
40.78,-73.85000000000001,145,0.003
40.74,-73.79,143,0.003
40.81,-74.10000000000001,143,0.003
40.88,-73.83,143,0.003
40.730000000000004,-73.78,142,0.003
40.72,-73.74,141,0.003
40.83,-73.87,140,0.003
40.72,-74.09,139,0.003
40.87,-73.81,139,0.003
40.660000000000004,-73.81,138,0.003
40.69,-73.8,138,0.003
40.87,-73.83,137,0.003
40.64,-73.89,136,0.003
40.76,-73.76,136,0.003
40.87,-73.87,135,0.003
40.660000000000004,-73.79,134,0.003
40.67,-73.84,133,0.003
40.83,-73.88,133,0.003
40.84,-73.97,133,0.003
40.61,-73.91,131,0.003
40.78,-73.82000000000001,129,0.003
40.69,-73.74,128,0.003
40.7,-73.72,127,0.003
40.78,-73.83,127,0.003
40.79,-73.79,126,0.003
40.67,-73.76,125,0.003
40.82,-73.85000000000001,125,0.003
40.71,-74.09,124,0.003
40.75,-73.72,124,0.003
40.88,-73.84,124,0.003
40.9,-73.86,123,0.003
40.76,-73.78,121,0.003
40.77,-73.79,121,0.003
40.88,-73.87,121,0.003
40.69,-73.87,120,0.003
40.82,-73.88,120,0.003
40.89,-73.86,120,0.003
40.61,-74.04,119,0.003
40.86,-73.84,119,0.003
40.88,-73.86,119,0.003
40.69,-73.84,118,0.003
40.87,-73.85000000000001,118,0.003
40.910000000000004,-73.91,118,0.003
40.660000000000004,-73.77,117,0.003
40.68,-73.83,116,0.003
40.77,-73.74,116,0.003
40.76,-74.08,115,0.003
40.79,-73.81,113,0.003
40.85,-74.07000000000001,112,0.003
40.82,-73.87,111,0.002
40.77,-73.77,110,0.002
40.88,-73.85000000000001,110,0.002
40.72,-73.75,106,0.002
40.83,-73.82000000000001,106,0.002
40.78,-73.81,105,0.002
40.7,-74.07000000000001,104,0.002
40.77,-73.81,103,0.002
40.800000000000004,-74.06,102,0.002
40.82,-73.82000000000001,102,0.002
40.83,-73.83,102,0.002
40.67,-73.77,101,0.002
40.74,-73.76,101,0.002
40.89,-73.92,101,0.002
40.65,-73.81,100,0.002
40.730000000000004,-74.08,100,0.002
40.58,-73.93,99,0.002
40.68,-73.77,99,0.002
40.7,-73.75,99,0.002
40.74,-73.8,99,0.002
40.74,-73.75,99,0.002
40.800000000000004,-73.99,99,0.002
40.68,-73.78,98,0.002
40.730000000000004,-73.74,98,0.002
40.75,-73.76,98,0.002
40.78,-73.8,98,0.002
40.78,-73.7,98,0.002
40.61,-74.06,97,0.002
40.7,-73.77,97,0.002
40.660000000000004,-73.85000000000001,96,0.002
40.89,-73.95,96,0.002
40.7,-73.74,94,0.002
40.660000000000004,-73.87,93,0.002
40.71,-73.77,93,0.002
40.62,-73.73,91,0.002
40.660000000000004,-73.72,88,0.002
40.89,-73.78,88,0.002
40.6,-73.91,87,0.002
40.660000000000004,-73.74,87,0.002
40.71,-73.75,87,0.002
40.75,-73.75,87,0.002
40.65,-73.87,86,0.002
40.7,-73.78,86,0.002
40.730000000000004,-73.84,86,0.002
40.77,-73.75,86,0.002
40.800000000000004,-74,86,0.002
40.89,-73.79,86,0.002
40.68,-73.79,85,0.002
40.83,-73.97,85,0.002
40.75,-73.79,84,0.002
40.76,-73.71000000000001,84,0.002
40.78,-73.77,84,0.002
40.84,-74.07000000000001,84,0.002
40.64,-73.8,83,0.002
40.83,-73.98,83,0.002
40.58,-73.99,82,0.002
40.660000000000004,-73.73,82,0.002
40.75,-74.06,82,0.002
40.77,-73.78,82,0.002
40.71,-73.73,81,0.002
40.72,-73.73,81,0.002
40.61,-73.73,80,0.002
40.71,-73.74,80,0.002
40.78,-74,80,0.002
40.79,-73.82000000000001,80,0.002
40.68,-73.75,79,0.002
40.7,-73.76,79,0.002
40.71,-74.08,79,0.002
40.74,-73.72,79,0.002
40.81,-73.9,78,0.002
40.81,-73.86,78,0.002
40.67,-73.75,77,0.002
40.76,-74.01,77,0.002
40.81,-73.81,77,0.002
40.83,-74.10000000000001,77,0.002
40.71,-74.07000000000001,76,0.002
40.78,-73.72,76,0.002
40.79,-74.07000000000001,76,0.002
40.69,-73.76,75,0.002
40.730000000000004,-73.93,75,0.002
40.86,-73.98,75,0.002
40.89,-73.84,75,0.002
40.78,-74.07000000000001,74,0.002
40.61,-73.74,73,0.002
40.81,-73.89,73,0.002
40.85,-73.79,73,0.002
40.87,-74,73,0.002
40.89,-73.97,73,0.002
40.68,-73.74,72,0.002
40.7,-74.09,72,0.002
40.78,-73.79,72,0.002
40.660000000000004,-73.82000000000001,70,0.002
40.730000000000004,-73.72,70,0.002
40.78,-74.03,70,0.002
40.79,-74.02,70,0.002
40.82,-73.98,70,0.002
40.85,-74.01,70,0.002
40.88,-73.98,70,0.002
40.72,-73.77,69,0.002
40.76,-73.73,69,0.002
40.910000000000004,-73.81,69,0.002
40.730000000000004,-73.75,68,0.002
40.910000000000004,-73.86,68,0.002
40.730000000000004,-73.73,67,0.002
40.730000000000004,-73.71000000000001,67,0.002
40.89,-73.96000000000001,67,0.002
40.89,-73.88,67,0.002
40.64,-73.74,66,0.001
40.69,-73.75,66,0.001
40.78,-73.71000000000001,66,0.001
40.89,-73.85000000000001,66,0.001
40.660000000000004,-73.76,65,0.001
40.69,-73.78,65,0.001
40.72,-73.76,65,0.001
40.77,-74.01,65,0.001
40.79,-73.83,65,0.001
40.87,-73.84,65,0.001
40.910000000000004,-73.85000000000001,65,0.001
40.76,-74.05,64,0.001
40.800000000000004,-74.07000000000001,64,0.001
40.800000000000004,-73.82000000000001,64,0.001
40.82,-73.99,64,0.001
40.84,-73.82000000000001,64,0.001
40.87,-73.97,64,0.001
40.67,-73.73,63,0.001
40.69,-74.07000000000001,63,0.001
40.87,-74.06,63,0.001
40.9,-73.85000000000001,63,0.001
40.58,-73.82000000000001,62,0.001
40.59,-73.81,62,0.001
40.77,-73.71000000000001,62,0.001
40.78,-74.04,62,0.001
40.87,-73.96000000000001,62,0.001
40.71,-73.76,61,0.001
40.74,-73.71000000000001,61,0.001
40.77,-73.8,61,0.001
40.72,-73.92,60,0.001
40.77,-73.73,60,0.001
40.85,-73.98,60,0.001
40.86,-73.83,60,0.001
40.89,-73.83,60,0.001
40.64,-74.08,59,0.001
40.64,-73.73,59,0.001
40.76,-74.07000000000001,59,0.001
40.65,-73.73,58,0.001
40.79,-74.06,58,0.001
40.83,-74.08,58,0.001
40.59,-74,57,0.001
40.69,-73.77,57,0.001
40.72,-73.71000000000001,57,0.001
40.75,-73.78,57,0.001
40.67,-74.10000000000001,56,0.001
40.68,-73.76,56,0.001
40.82,-74.07000000000001,56,0.001
40.84,-73.98,56,0.001
40.9,-73.81,56,0.001
40.660000000000004,-73.75,55,0.001
40.88,-74.06,55,0.001
40.88,-73.99,55,0.001
40.9,-73.94,55,0.001
40.6,-73.93,54,0.001
40.75,-73.77,54,0.001
40.69,-74.10000000000001,53,0.001
40.67,-73.74,52,0.001
40.77,-73.7,52,0.001
40.69,-73.79,51,0.001
40.730000000000004,-73.7,51,0.001
40.75,-73.81,51,0.001
40.79,-73.85000000000001,51,0.001
40.81,-74,51,0.001
40.910000000000004,-74.03,51,0.001
40.7,-73.73,50,0.001
40.72,-73.7,50,0.001
40.910000000000004,-73.84,50,0.001
40.6,-73.75,49,0.001
40.800000000000004,-74.02,49,0.001
40.63,-73.73,48,0.001
40.79,-73.72,48,0.001
40.82,-73.84,48,0.001
40.84,-74.15,48,0.001
40.65,-73.99,47,0.001
40.69,-73.73,47,0.001
40.71,-74.10000000000001,47,0.001
40.730000000000004,-73.76,47,0.001
40.75,-73.8,47,0.001
40.78,-74.05,47,0.001
40.81,-74.01,47,0.001
40.6,-73.74,46,0.001
40.660000000000004,-73.78,46,0.001
40.67,-74.12,46,0.001
40.7,-73.79,46,0.001
40.86,-74.06,46,0.001
40.87,-73.82000000000001,46,0.001
40.59,-73.82000000000001,45,0.001
40.800000000000004,-74.01,45,0.001
40.81,-73.85000000000001,45,0.001
40.9,-73.8,45,0.001
40.59,-73.73,44,0.001
40.59,-73.71000000000001,44,0.001
40.660000000000004,-74.09,44,0.001
40.68,-74.11,44,0.001
40.83,-74.14,44,0.001
40.7,-74.10000000000001,43,0.001
40.63,-73.72,42,0.001
40.69,-73.71000000000001,42,0.001
40.81,-73.98,42,0.001
40.89,-74.06,42,0.001
40.9,-73.96000000000001,42,0.001
40.69,-73.88,41,0.001
40.72,-73.72,41,0.001
40.59,-73.8,40,0.001
40.63,-73.71000000000001,40,0.001
40.68,-73.73,40,0.001
40.77,-74.06,40,0.001
40.82,-73.81,40,0.001
40.61,-73.71000000000001,39,0.001
40.62,-73.72,39,0.001
40.65,-73.76,39,0.001
40.71,-73.71000000000001,39,0.001
40.76,-73.72,39,0.001
40.78,-73.75,39,0.001
40.64,-73.88,38,0.001
40.69,-74.11,38,0.001
40.88,-73.95,38,0.001
40.9,-74.10000000000001,38,0.001
40.6,-73.76,37,0.001
40.660000000000004,-74.12,37,0.001
40.660000000000004,-73.7,37,0.001
40.68,-74.10000000000001,37,0.001
40.730000000000004,-73.77,37,0.001
40.76,-73.75,37,0.001
40.79,-73.78,37,0.001
40.910000000000004,-73.88,37,0.001
40.910000000000004,-73.83,37,0.001
40.59,-73.72,36,0.001
40.75,-73.74,36,0.001
40.76,-73.74,36,0.001
40.67,-74.11,35,0.001
40.83,-74.09,35,0.001
40.87,-74.01,35,0.001
40.61,-73.9,34,0.001
40.730000000000004,-74.14,34,0.001
40.75,-73.73,34,0.001
40.76,-73.7,34,0.001
40.81,-73.87,34,0.001
40.9,-73.82000000000001,34,0.001
40.61,-73.75,33,0.001
40.69,-73.72,33,0.001
40.7,-74.08,33,0.001
40.77,-73.72,33,0.001
40.800000000000004,-73.74,33,0.001
40.81,-74.11,33,0.001
40.88,-74.04,33,0.001
40.63,-73.74,32,0.001
40.64,-73.71000000000001,32,0.001
40.86,-73.96000000000001,32,0.001
40.9,-73.84,32,0.001
40.59,-74.07000000000001,31,0.001
40.6,-74.09,31,0.001
40.62,-74.08,31,0.001
40.660000000000004,-73.86,31,0.001
40.82,-74.08,31,0.001
40.83,-73.96000000000001,31,0.001
40.87,-73.98,31,0.001
40.6,-74.07000000000001,30,0.001
40.69,-74.09,30,0.001
40.9,-73.95,30,0.001
40.660000000000004,-73.71000000000001,29,0.001
40.800000000000004,-74.10000000000001,29,0.001
40.84,-73.99,29,0.001
40.85,-74,29,0.001
40.89,-73.8,29,0.001
40.9,-73.97,29,0.001
40.910000000000004,-73.89,29,0.001
40.62,-74.10000000000001,28,0.001
40.62,-73.9,28,0.001
40.64,-73.72,28,0.001
40.68,-73.72,28,0.001
40.71,-74.05,28,0.001
40.74,-74.08,28,0.001
40.85,-74.02,28,0.001
40.85,-73.82000000000001,28,0.001
40.58,-74,27,0.001
40.58,-73.84,27,0.001
40.59,-73.74,27,0.001
40.61,-74.12,27,0.001
40.67,-73.72,27,0.001
40.79,-73.74,27,0.001
40.88,-74.05,27,0.001
40.89,-74.04,27,0.001
40.910000000000004,-73.87,27,0.001
40.63,-74.11,26,0.001
40.65,-73.83,26,0.001
40.74,-73.73,26,0.001
40.82,-74.12,26,0.001
40.82,-74.10000000000001,26,0.001
40.83,-74.11,26,0.001
40.83,-73.84,26,0.001
40.86,-73.82000000000001,26,0.001
40.88,-73.97,26,0.001
40.89,-74.02,26,0.001
40.89,-74.01,26,0.001
40.89,-73.98,26,0.001
40.89,-73.94,26,0.001
40.9,-74.04,26,0.001
40.910000000000004,-73.95,26,0.001
40.61,-73.72,25,0.001
40.65,-73.85000000000001,25,0.001
40.72,-74.10000000000001,25,0.001
40.74,-73.74,25,0.001
40.800000000000004,-74.05,25,0.001
40.81,-73.88,25,0.001
40.81,-73.8,25,0.001
40.85,-73.99,25,0.001
40.86,-74.02,25,0.001
40.910000000000004,-73.96000000000001,25,0.001
40.61,-74.08,24,0.001
40.81,-74.14,24,0.001
40.88,-74.07000000000001,24,0.001
40.910000000000004,-74.04,24,0.001
40.7,-73.71000000000001,23,0.001
40.74,-73.7,23,0.001
40.79,-73.71000000000001,23,0.001
40.84,-73.78,23,0.001
40.9,-74,23,0.001
40.62,-74.09,22,0
40.68,-73.71000000000001,22,0
40.79,-73.7,22,0
40.81,-74.12,22,0
40.82,-74.14,22,0
40.84,-74.08,22,0
40.85,-73.96000000000001,22,0
40.88,-74.12,22,0
40.9,-73.77,22,0
40.92,-73.9,22,0
40.75,-73.7,21,0
40.82,-74.11,21,0
40.87,-74.02,21,0
40.89,-74.05,21,0
40.58,-73.83,20,0
40.6,-74.02,20,0
40.61,-74.07000000000001,20,0
40.62,-73.71000000000001,20,0
40.65,-73.74,20,0
40.77,-74.07000000000001,20,0
40.79,-74.08,20,0
40.83,-74.06,20,0
40.87,-73.8,20,0
40.89,-73.82000000000001,20,0
40.89,-73.81,20,0
40.910000000000004,-73.79,20,0
40.59,-73.79,19,0
40.6,-74.08,19,0
40.65,-74.08,19,0
40.69,-74.01,19,0
40.78,-74.06,19,0
40.800000000000004,-73.7,19,0
40.82,-74.15,19,0
40.82,-74.09,19,0
40.82,-73.7,19,0
40.83,-73.99,19,0
40.85,-74.04,19,0
40.86,-74.07000000000001,19,0
40.9,-73.83,19,0
40.9,-73.79,19,0
40.910000000000004,-74.05,19,0
40.910000000000004,-73.82000000000001,19,0
40.59,-74.09,18,0
40.62,-73.74,18,0
40.63,-74.09,18,0
40.65,-73.72,18,0
40.71,-74.11,18,0
40.83,-74,18,0
40.84,-74.12,18,0
40.84,-74,18,0
40.84,-73.79,18,0
40.9,-73.78,18,0
40.910000000000004,-74.10000000000001,18,0
40.62,-74.11,17,0
40.62,-74.07000000000001,17,0
40.62,-73.75,17,0
40.69,-73.89,17,0
40.7,-74.06,17,0
40.74,-73.77,17,0
40.78,-74.08,17,0
40.800000000000004,-73.72,17,0
40.81,-73.76,17,0
40.86,-73.99,17,0
40.88,-73.96000000000001,17,0
40.9,-74.03,17,0
40.92,-74.08,17,0
40.92,-73.95,17,0
40.61,-74.09,16,0
40.63,-74.10000000000001,16,0
40.660000000000004,-74.10000000000001,16,0
40.67,-73.71000000000001,16,0
40.75,-74.14,16,0
40.79,-74.14,16,0
40.800000000000004,-73.71000000000001,16,0
40.82,-74,16,0
40.84,-74.11,16,0
40.86,-74.09,16,0
40.9,-73.89,16,0
40.92,-73.81,16,0
40.61,-73.76,15,0
40.63,-74.08,15,0
40.64,-73.7,15,0
40.660000000000004,-74.13,15,0
40.77,-73.85000000000001,15,0
40.800000000000004,-74.13,15,0
40.81,-73.82000000000001,15,0
40.83,-74.13,15,0
40.83,-74.07000000000001,15,0
40.83,-73.7,15,0
40.84,-74.09,15,0
40.85,-74.08,15,0
40.87,-74.03,15,0
40.910000000000004,-74.08,15,0
40.59,-74.10000000000001,14,0
40.6,-74.11,14,0
40.61,-74.10000000000001,14,0
40.63,-73.88,14,0
40.65,-73.71000000000001,14,0
40.71,-73.7,14,0
40.77,-74.08,14,0
40.800000000000004,-74.11,14,0
40.800000000000004,-73.73,14,0
40.81,-73.83,14,0
40.81,-73.72,14,0
40.85,-74.05,14,0
40.87,-74.09,14,0
40.87,-74.04,14,0
40.9,-73.98,14,0
40.9,-73.88,14,0
40.910000000000004,-74.01,14,0
40.910000000000004,-73.8,14,0
40.6,-74.06,13,0
40.6,-73.92,13,0
40.67,-74.08,13,0
40.79,-73.99,13,0
40.79,-73.75,13,0
40.86,-74.08,13,0
40.910000000000004,-73.77,13,0
40.59,-74.11,12,0
40.59,-74.08,12,0
40.59,-73.92,12,0
40.6,-73.77,12,0
40.81,-74.09,12,0
40.82,-73.97,12,0
40.83,-73.75,12,0
40.85,-73.71000000000001,12,0
40.86,-74.13,12,0
40.87,-74.11,12,0
40.87,-74.10000000000001,12,0
40.87,-73.95,12,0
40.88,-74.09,12,0
40.88,-74,12,0
40.58,-73.85000000000001,11,0
40.6,-73.72,11,0
40.61,-74.13,11,0
40.62,-74.12,11,0
40.64,-74.07000000000001,11,0
40.65,-73.77,11,0
40.68,-73.7,11,0
40.7,-74.05,11,0
40.78,-74.14,11,0
40.79,-74.03,11,0
40.800000000000004,-73.75,11,0
40.81,-74.02,11,0
40.81,-73.71000000000001,11,0
40.81,-73.7,11,0
40.82,-74.01,11,0
40.82,-73.83,11,0
40.83,-74.05,11,0
40.85,-74.03,11,0
40.86,-74.03,11,0
40.92,-73.77,11,0
40.59,-73.7,10,0
40.6,-74.10000000000001,10,0
40.62,-73.76,10,0
40.660000000000004,-74.11,10,0
40.68,-74.09,10,0
40.730000000000004,-74.15,10,0
40.78,-73.74,10,0
40.81,-73.73,10,0
40.82,-74.06,10,0
40.82,-73.74,10,0
40.83,-74.12,10,0
40.85,-74.12,10,0
40.88,-74.03,10,0
40.89,-74.03,10,0
40.89,-73.99,10,0
40.9,-74.05,10,0
40.910000000000004,-73.97,10,0
40.58,-74.09,9,0
40.58,-74.01,9,0
40.6,-74.13,9,0
40.62,-74.14,9,0
40.65,-74.14,9,0
40.69,-73.7,9,0
40.71,-74.15,9,0
40.77,-73.76,9,0
40.78,-73.87,9,0
40.79,-73.86,9,0
40.800000000000004,-73.85000000000001,9,0
40.84,-74.10000000000001,9,0
40.86,-74.05,9,0
40.88,-74.01,9,0
40.89,-74.12,9,0
40.9,-74.06,9,0
40.9,-74.01,9,0
40.910000000000004,-74,9,0
40.92,-73.96000000000001,9,0
40.92,-73.89,9,0
40.92,-73.85000000000001,9,0
40.92,-73.78,9,0
40.59,-73.76,8,0
40.61,-73.82000000000001,8,0
40.65,-73.7,8,0
40.69,-74.08,8,0
40.730000000000004,-74.13,8,0
40.730000000000004,-74.12,8,0
40.74,-74.12,8,0
40.78,-73.89,8,0
40.800000000000004,-74.03,8,0
40.800000000000004,-73.81,8,0
40.81,-74.15,8,0
40.82,-74.13,8,0
40.82,-73.75,8,0
40.84,-73.72,8,0
40.85,-74.09,8,0
40.85,-73.95,8,0
40.87,-74.08,8,0
40.88,-74.10000000000001,8,0
40.88,-73.79,8,0
40.89,-74.07000000000001,8,0
40.89,-74,8,0
40.9,-74.09,8,0
40.910000000000004,-74.06,8,0
40.910000000000004,-73.98,8,0
40.92,-74.06,8,0
40.92,-73.82000000000001,8,0
40.58,-73.81,7,0
40.59,-73.75,7,0
40.6,-73.82000000000001,7,0
40.63,-73.7,7,0
40.65,-74.13,7,0
40.660000000000004,-74.14,7,0
40.68,-74.12,7,0
40.730000000000004,-74.11,7,0
40.75,-74.15,7,0
40.78,-73.86,7,0
40.800000000000004,-74.14,7,0
40.800000000000004,-74.12,7,0
40.82,-73.72,7,0
40.84,-74.05,7,0
40.84,-73.75,7,0
40.85,-74.13,7,0
40.86,-73.8,7,0
40.86,-73.79,7,0
40.87,-74.05,7,0
40.87,-73.99,7,0
40.88,-73.82000000000001,7,0
40.89,-73.87,7,0
40.9,-74.02,7,0
40.92,-73.88,7,0
40.58,-73.89,6,0
40.59,-73.89,6,0
40.59,-73.78,6,0
40.6,-74.12,6,0
40.62,-74.06,6,0
40.64,-74.10000000000001,6,0
40.64,-74.09,6,0
40.65,-73.75,6,0
40.72,-74.15,6,0
40.730000000000004,-74.10000000000001,6,0
40.75,-74.12,6,0
40.76,-74.15,6,0
40.78,-74.13,6,0
40.800000000000004,-74.15,6,0
40.81,-74.13,6,0
40.81,-73.74,6,0
40.82,-74.03,6,0
40.83,-74.01,6,0
40.84,-74.13,6,0
40.84,-74.02,6,0
40.84,-73.7,6,0
40.85,-73.72,6,0
40.87,-74.13,6,0
40.87,-74.07000000000001,6,0
40.88,-74.11,6,0
40.88,-74.08,6,0
40.9,-74.07000000000001,6,0
40.9,-73.99,6,0
40.910000000000004,-74.07000000000001,6,0
40.92,-73.8,6,0
40.6,-73.78,5,0
40.61,-74.15,5,0
40.61,-74.11,5,0
40.63,-74.14,5,0
40.64,-74.12,5,0
40.65,-74.12,5,0
40.67,-74.13,5,0
40.67,-73.7,5,0
40.7,-74.12,5,0
40.7,-73.7,5,0
40.72,-74.14,5,0
40.72,-74.13,5,0
40.76,-74.14,5,0
40.77,-74.14,5,0
40.79,-74.15,5,0
40.81,-74.06,5,0
40.81,-73.84,5,0
40.82,-73.73,5,0
40.84,-74.14,5,0
40.84,-74.04,5,0
40.85,-74.15,5,0
40.85,-74.11,5,0
40.86,-74.01,5,0
40.86,-73.81,5,0
40.89,-74.08,5,0
40.9,-74.12,5,0
40.9,-74.08,5,0
40.910000000000004,-74.02,5,0
40.92,-73.84,5,0
40.58,-74.13,4,0
40.58,-74.11,4,0
40.58,-73.92,4,0
40.59,-73.91,4,0
40.6,-73.8,4,0
40.62,-74.13,4,0
40.63,-74.07000000000001,4,0
40.63,-73.78,4,0
40.64,-74.15,4,0
40.64,-74.11,4,0
40.64,-73.75,4,0
40.69,-74.06,4,0
40.71,-74.14,4,0
40.730000000000004,-74.09,4,0
40.74,-74.09,4,0
40.74,-74.02,4,0
40.76,-74.11,4,0
40.77,-74.05,4,0
40.79,-74.13,4,0
40.81,-73.75,4,0
40.84,-74.01,4,0
40.84,-73.71000000000001,4,0
40.86,-74.04,4,0
40.87,-74.12,4,0
40.88,-74.02,4,0
40.89,-74.14,4,0
40.89,-74.09,4,0
40.89,-73.77,4,0
40.910000000000004,-74.12,4,0
40.910000000000004,-73.99,4,0
40.910000000000004,-73.76,4,0
40.92,-74.09,4,0
40.92,-74.03,4,0
40.92,-73.87,4,0
40.92,-73.86,4,0
40.92,-73.83,4,0
40.92,-73.75,4,0
40.59,-74.06,3,0
40.59,-73.88,3,0
40.6,-73.79,3,0
40.61,-74.14,3,0
40.62,-73.82000000000001,3,0
40.63,-73.75,3,0
40.68,-74.08,3,0
40.69,-74.14,3,0
40.69,-74.02,3,0
40.7,-74.14,3,0
40.7,-74.13,3,0
40.730000000000004,-74.02,3,0
40.74,-74.15,3,0
40.74,-74.14,3,0
40.76,-74.10000000000001,3,0
40.76,-74.06,3,0
40.800000000000004,-73.87,3,0
40.82,-74.02,3,0
40.83,-73.81,3,0
40.84,-73.73,3,0
40.85,-74.14,3,0
40.85,-73.78,3,0
40.86,-74.15,3,0
40.86,-74.14,3,0
40.86,-74.11,3,0
40.86,-74,3,0
40.86,-73.71000000000001,3,0
40.88,-74.15,3,0
40.88,-74.14,3,0
40.88,-73.8,3,0
40.89,-74.15,3,0
40.89,-74.11,3,0
40.9,-74.14,3,0
40.910000000000004,-74.14,3,0
40.910000000000004,-73.94,3,0
40.92,-74.07000000000001,3,0
40.92,-74.04,3,0
40.92,-73.97,3,0
40.58,-73.88,2,0
40.58,-73.86,2,0
40.58,-73.7,2,0
40.6,-74.14,2,0
40.6,-73.73,2,0
40.62,-74.15,2,0
40.62,-73.7,2,0
40.63,-74.15,2,0
40.63,-74.13,2,0
40.64,-74.13,2,0
40.64,-73.83,2,0
40.65,-74.07000000000001,2,0
40.65,-74.03,2,0
40.660000000000004,-74.07000000000001,2,0
40.67,-74.09,2,0
40.74,-74.11,2,0
40.75,-74.11,2,0
40.77,-74.15,2,0
40.77,-74.13,2,0
40.78,-74.15,2,0
40.800000000000004,-74.08,2,0
40.800000000000004,-73.88,2,0
40.800000000000004,-73.8,2,0
40.81,-73.79,2,0
40.82,-73.8,2,0
40.83,-74.04,2,0
40.83,-73.74,2,0
40.85,-74.10000000000001,2,0
40.86,-74.12,2,0
40.86,-74.10000000000001,2,0
40.86,-73.7,2,0
40.87,-74.14,2,0
40.87,-73.79,2,0
40.88,-74.13,2,0
40.9,-74.13,2,0
40.9,-74.11,2,0
40.9,-73.92,2,0
40.910000000000004,-74.13,2,0
40.92,-74.05,2,0
40.92,-74.01,2,0
40.92,-73.98,2,0
40.58,-74.10000000000001,1,0
40.58,-74.08,1,0
40.58,-73.9,1,0
40.58,-73.71000000000001,1,0
40.59,-74.13,1,0
40.59,-73.77,1,0
40.6,-74.15,1,0
40.6,-74.05,1,0
40.6,-74.03,1,0
40.6,-73.9,1,0
40.61,-74.05,1,0
40.62,-73.8,1,0
40.63,-74.12,1,0
40.64,-74.14,1,0
40.64,-73.84,1,0
40.65,-74.09,1,0
40.7,-74.15,1,0
40.74,-74.13,1,0
40.76,-74.09,1,0
40.77,-74.10000000000001,1,0
40.78,-74.09,1,0
40.78,-73.88,1,0
40.79,-74.10000000000001,1,0
40.79,-74.09,1,0
40.79,-73.77,1,0
40.800000000000004,-73.83,1,0
40.800000000000004,-73.79,1,0
40.82,-74.05,1,0
40.82,-73.76,1,0
40.83,-74.15,1,0
40.83,-74.02,1,0
40.87,-73.71000000000001,1,0
40.9,-74.15,1,0
40.910000000000004,-74.15,1,0
40.92,-74.15,1,0
40.92,-74.14,1,0
40.92,-74.13,1,0
40.92,-74,1,0
40.92,-73.91,1,0
40.92,-73.79,1,0
40.92,-73.76,1,0
